                  epoch,         train/box_loss,         train/cls_loss,         train/dfl_loss,   metrics/precision(B),      metrics/recall(B),       metrics/mAP50(B),    metrics/mAP50-95(B),           val/box_loss,           val/cls_loss,           val/dfl_loss,                 lr/pg0,                 lr/pg1,                 lr/pg2
                      1,                 1.0495,                 2.7728,                 1.3673,                0.43944,                0.20335,                0.32278,                 0.2172,                 1.1102,                 3.0952,                 1.4915,              0.0003636,              0.0003636,              0.0003636
                      2,                  1.162,                 2.2293,                 1.4415,                0.41956,                0.50559,                0.42573,                0.29109,                 1.2713,                 2.4796,                 1.6596,             0.00073151,             0.00073151,             0.00073151
                      3,                  1.163,                  2.118,                 1.4387,                0.46838,                0.29416,                 0.3111,                0.18413,                 1.5088,                 2.9564,                 1.9613,               0.001097,               0.001097,               0.001097
                      4,                 1.2078,                 2.0938,                 1.4764,                0.41242,                0.26463,                0.23372,                0.11797,                 1.7613,                  3.627,                  2.123,                 0.0011,                 0.0011,                 0.0011
                      5,                 1.1979,                 1.9907,                  1.467,                0.33668,                0.36364,                0.31955,                 0.1516,                 1.6648,                 2.6719,                 2.0575,                 0.0011,                 0.0011,                 0.0011
                      6,                 1.2016,                 1.9194,                 1.4727,                0.51713,                0.39382,                0.43806,                0.26558,                 1.5357,                 2.2217,                 1.8598,              0.0010963,              0.0010963,              0.0010963
                      7,                 1.1739,                  1.795,                 1.4319,                0.39281,                0.43452,                0.37061,                0.21766,                 1.4829,                 2.4739,                  1.885,              0.0010927,              0.0010927,              0.0010927
                      8,                 1.1466,                 1.7552,                 1.4452,                0.31395,                0.40534,                0.29479,                0.16614,                 1.6098,                 2.6765,                 2.0392,               0.001089,               0.001089,               0.001089
                      9,                 1.1284,                 1.7038,                 1.4255,                0.59157,                 0.3996,                0.43834,                0.27351,                 1.4276,                 2.2372,                  1.788,              0.0010853,              0.0010853,              0.0010853
                     10,                 1.1418,                 1.6619,                 1.4124,                  0.537,                0.44022,                0.42565,                0.24866,                 1.4666,                 2.2347,                 1.7981,              0.0010817,              0.0010817,              0.0010817
                     11,                  1.108,                 1.5813,                 1.3885,                0.43857,                0.42412,                0.43144,                0.26896,                 1.4604,                 2.1222,                 1.8249,               0.001078,               0.001078,               0.001078
                     12,                 1.0731,                 1.5057,                  1.369,                 0.6222,                0.45945,                0.52166,                0.31964,                 1.4164,                  1.917,                 1.8326,              0.0010743,              0.0010743,              0.0010743
                     13,                 1.0228,                 1.4175,                 1.3335,                0.49339,                0.42464,                0.43985,                0.28634,                  1.377,                 2.1983,                  1.735,              0.0010707,              0.0010707,              0.0010707
                     14,                 1.0607,                  1.443,                  1.367,                0.47961,                0.47089,                0.45699,                0.28906,                 1.4513,                 2.0514,                 1.8145,               0.001067,               0.001067,               0.001067
                     15,                 1.0192,                 1.3615,                 1.3182,                0.41846,                0.40823,                0.40807,                0.28627,                 1.3615,                 2.0362,                 1.6967,              0.0010633,              0.0010633,              0.0010633
                     16,                 1.0422,                 1.3493,                 1.3271,                0.48668,                0.45096,                0.43368,                0.28568,                 1.2855,                 1.9965,                 1.6607,              0.0010597,              0.0010597,              0.0010597
                     17,                 1.0238,                 1.3407,                 1.3418,                0.44799,                0.48914,                0.45076,                0.29266,                 1.3277,                 1.9493,                 1.6881,               0.001056,               0.001056,               0.001056
                     18,                 1.0178,                 1.3073,                 1.3267,                0.47845,                0.45693,                0.47168,                0.29121,                  1.441,                 1.9699,                 1.7994,              0.0010523,              0.0010523,              0.0010523
                     19,                  1.008,                  1.284,                 1.3263,                 0.4575,                0.55086,                0.45719,                0.30898,                 1.3678,                 1.8971,                 1.6949,              0.0010487,              0.0010487,              0.0010487
                     20,                0.99193,                 1.2345,                  1.312,                0.44848,                0.47675,                0.45869,                0.31372,                 1.3572,                 1.8982,                 1.6866,               0.001045,               0.001045,               0.001045
                     21,                0.98119,                 1.2197,                 1.3032,                0.54964,                0.55682,                0.50963,                0.34847,                 1.3114,                 1.9196,                 1.6696,              0.0010413,              0.0010413,              0.0010413
                     22,                 1.0061,                 1.2165,                 1.3165,                0.55395,                 0.4931,                0.47565,                0.31103,                  1.335,                 1.9801,                 1.7228,              0.0010377,              0.0010377,              0.0010377
                     23,                 1.0052,                 1.2336,                 1.3217,                0.55967,                0.44896,                0.49278,                0.31888,                 1.4555,                 2.1163,                 1.8108,               0.001034,               0.001034,               0.001034
                     24,                0.97055,                 1.1704,                 1.3064,                0.59801,                0.44344,                0.48967,                0.34817,                 1.2938,                 1.8703,                 1.6787,              0.0010303,              0.0010303,              0.0010303
                     25,                0.95873,                 1.1344,                 1.2938,                 0.5167,                 0.3942,                 0.4176,                0.29052,                  1.361,                 1.9658,                 1.7391,              0.0010267,              0.0010267,              0.0010267
                     26,                0.95918,                 1.1275,                 1.2813,                0.55212,                0.51906,                0.49279,                 0.3332,                 1.3418,                 1.8885,                  1.662,               0.001023,               0.001023,               0.001023
                     27,                0.97302,                 1.1162,                 1.2923,                0.65259,                0.44403,                0.51772,                0.36277,                 1.2581,                 1.7626,                 1.6383,              0.0010193,              0.0010193,              0.0010193
                     28,                0.93476,                 1.1093,                 1.2725,                0.59036,                0.41429,                0.45497,                0.32529,                 1.3142,                 1.9952,                  1.684,              0.0010157,              0.0010157,              0.0010157
                     29,                 0.9129,                 1.0428,                 1.2661,                0.58167,                 0.5132,                0.52283,                0.36169,                 1.2688,                 1.7445,                 1.6117,               0.001012,               0.001012,               0.001012
                     30,                0.92693,                 1.0425,                 1.2611,                0.51945,                 0.4933,                0.49056,                0.32724,                 1.3464,                 1.9327,                 1.6899,              0.0010083,              0.0010083,              0.0010083
                     31,                0.89699,                 1.0415,                 1.2481,                0.57892,                0.44631,                0.48404,                 0.3312,                 1.3399,                 1.9013,                  1.711,              0.0010047,              0.0010047,              0.0010047
                     32,                0.90439,                 1.0141,                 1.2315,                0.56401,                0.42238,                0.46649,                0.31642,                 1.3045,                  1.959,                 1.6688,               0.001001,               0.001001,               0.001001
                     33,                 0.8928,                 1.0066,                 1.2341,                0.59604,                0.47778,                0.50152,                0.34626,                 1.3071,                 1.7848,                  1.666,             0.00099734,             0.00099734,             0.00099734
                     34,                0.87392,                0.94841,                 1.2264,                0.58649,                0.42151,                0.45443,                0.30848,                  1.452,                 2.0611,                 1.7874,             0.00099368,             0.00099368,             0.00099368
                     35,                0.89076,                0.97386,                  1.216,                0.58383,                0.47513,                0.48869,                0.33074,                  1.369,                 1.8607,                 1.7325,             0.00099001,             0.00099001,             0.00099001
                     36,                0.87129,                0.96195,                 1.2169,                0.54894,                0.47024,                0.47808,                0.33584,                 1.3269,                 1.8908,                  1.672,             0.00098635,             0.00098635,             0.00098635
                     37,                0.86871,                0.95137,                  1.228,                0.61123,                0.52731,                0.53089,                 0.3793,                 1.2333,                 1.7326,                 1.6214,             0.00098268,             0.00098268,             0.00098268
                     38,                0.85104,                0.93921,                 1.2046,                0.60345,                0.49228,                0.50475,                0.36918,                 1.2837,                 1.7083,                 1.6856,             0.00097901,             0.00097901,             0.00097901
                     39,                0.85216,                  0.928,                 1.2056,                0.56779,                 0.5246,                0.52877,                0.36946,                 1.2509,                 1.6514,                 1.6454,             0.00097535,             0.00097535,             0.00097535
                     40,                0.84345,                0.91611,                 1.1881,                0.54699,                0.47805,                0.46502,                0.32417,                 1.3607,                 1.8954,                 1.7346,             0.00097168,             0.00097168,             0.00097168
                     41,                0.83332,                0.87603,                 1.1885,                0.58379,                0.55755,                 0.5328,                0.37996,                 1.3055,                  1.717,                 1.7016,             0.00096801,             0.00096801,             0.00096801
                     42,                0.83178,                0.89695,                 1.1987,                0.51277,                0.47502,                0.47209,                0.32729,                 1.3744,                 1.8975,                 1.7555,             0.00096435,             0.00096435,             0.00096435
                     43,                0.82921,                0.89407,                 1.1759,                0.67222,                0.49091,                0.51713,                0.36065,                 1.3713,                 1.7439,                 1.7347,             0.00096068,             0.00096068,             0.00096068
                     44,                0.80423,                0.84766,                 1.1736,                0.72334,                0.49108,                0.54279,                0.38483,                 1.2487,                 1.6719,                 1.5971,             0.00095702,             0.00095702,             0.00095702
                     45,                0.80915,                0.84134,                 1.1701,                0.58038,                0.49452,                0.51458,                0.35459,                 1.3348,                 1.6998,                 1.7022,             0.00095335,             0.00095335,             0.00095335
                     46,                0.82957,                0.89089,                 1.1886,                0.72041,                0.46688,                0.54839,                0.39537,                  1.319,                 1.6805,                 1.6656,             0.00094968,             0.00094968,             0.00094968
                     47,                 0.8142,                0.84544,                 1.1704,                0.58566,                0.48245,                0.50903,                0.36104,                  1.278,                 1.7789,                 1.6838,             0.00094602,             0.00094602,             0.00094602
                     48,                0.78922,                0.82885,                 1.1702,                0.59944,                0.52222,                0.53975,                0.37105,                 1.2962,                 1.6758,                 1.6654,             0.00094235,             0.00094235,             0.00094235
                     49,                0.79248,                0.81963,                  1.158,                0.53631,                0.52111,                0.48586,                 0.3386,                  1.357,                 1.7293,                  1.736,             0.00093868,             0.00093868,             0.00093868
                     50,                0.79653,                0.80992,                  1.173,                0.65222,                0.50523,                0.54815,                0.39324,                 1.3032,                 1.6416,                  1.646,             0.00093502,             0.00093502,             0.00093502
                     51,                0.77895,                0.81984,                 1.1594,                0.67671,                0.52257,                0.53521,                0.37363,                 1.3063,                 1.7362,                  1.704,             0.00093135,             0.00093135,             0.00093135
                     52,                0.78251,                0.78947,                 1.1618,                0.60188,                0.56613,                0.57952,                0.40506,                  1.295,                 1.6526,                 1.6491,             0.00092769,             0.00092769,             0.00092769
                     53,                0.76773,                0.77913,                 1.1501,                0.75486,                0.40646,                0.51722,                0.35704,                 1.3119,                 1.7706,                 1.6814,             0.00092402,             0.00092402,             0.00092402
                     54,                0.75831,                0.78117,                 1.1256,                0.51695,                0.51252,                0.51967,                0.37645,                 1.2706,                 1.7371,                 1.6691,             0.00092035,             0.00092035,             0.00092035
                     55,                 0.7819,                0.79582,                 1.1479,                0.54364,                0.48722,                0.50274,                0.34845,                 1.3059,                 1.7449,                 1.6717,             0.00091669,             0.00091669,             0.00091669
                     56,                0.77157,                0.80384,                 1.1486,                0.53409,                0.51634,                 0.5398,                0.37483,                 1.2978,                 1.6902,                  1.698,             0.00091302,             0.00091302,             0.00091302
                     57,                0.74574,                0.76295,                 1.1453,                0.53999,                0.49486,                0.51613,                0.36449,                 1.2772,                 1.8112,                 1.6756,             0.00090935,             0.00090935,             0.00090935
                     58,                0.75626,                0.72921,                 1.1321,                0.64585,                0.45961,                0.50966,                0.33723,                 1.3665,                 1.8703,                    1.8,             0.00090569,             0.00090569,             0.00090569
                     59,                0.74007,                0.73993,                 1.1369,                0.61769,                0.49672,                0.56124,                0.37073,                 1.3015,                 1.6752,                 1.6817,             0.00090202,             0.00090202,             0.00090202
                     60,                0.74212,                0.74441,                 1.1349,                0.73641,                0.49237,                0.57252,                 0.4031,                 1.2561,                  1.616,                 1.6253,             0.00089835,             0.00089835,             0.00089835
                     61,                0.74022,                0.71888,                 1.1266,                0.58873,                0.58868,                0.56769,                0.40591,                  1.281,                 1.6854,                 1.6816,             0.00089469,             0.00089469,             0.00089469
                     62,                0.75071,                0.75339,                  1.129,                0.62968,                0.52974,                0.55264,                0.36936,                 1.4304,                 1.7149,                 1.8273,             0.00089102,             0.00089102,             0.00089102
                     63,                 0.7274,                0.72891,                 1.1268,                0.65554,                  0.449,                0.52366,                0.36612,                 1.3417,                 1.7142,                 1.7529,             0.00088736,             0.00088736,             0.00088736
                     64,                0.71827,                0.72908,                 1.1217,                0.55983,                0.50404,                0.50469,                 0.3531,                 1.3809,                 1.8349,                 1.7645,             0.00088369,             0.00088369,             0.00088369
                     65,                0.73187,                0.70776,                 1.1129,                0.55457,                0.53226,                0.50823,                0.36645,                 1.3232,                 1.8045,                  1.755,             0.00088002,             0.00088002,             0.00088002
                     66,                0.74224,                0.70437,                 1.1198,                0.63211,                0.52394,                0.55537,                0.39897,                 1.2911,                 1.7841,                 1.6639,             0.00087636,             0.00087636,             0.00087636
                     67,                0.73444,                0.71828,                 1.1151,                0.63623,                0.54065,                0.56027,                0.41267,                 1.2765,                 1.6463,                 1.6351,             0.00087269,             0.00087269,             0.00087269
                     68,                0.69868,                0.69921,                 1.1075,                0.65104,                0.46814,                0.52753,                0.37631,                 1.3688,                 1.7065,                 1.7865,             0.00086902,             0.00086902,             0.00086902
                     69,                0.71696,                0.70655,                 1.1105,                0.71033,                0.49615,                0.57113,                0.41447,                 1.2629,                 1.5647,                 1.6475,             0.00086536,             0.00086536,             0.00086536
                     70,                0.70947,                0.68795,                 1.1008,                0.57541,                0.57318,                0.55011,                0.39078,                 1.3151,                 1.6093,                 1.7576,             0.00086169,             0.00086169,             0.00086169
                     71,                0.69459,                0.66523,                 1.1007,                0.60509,                0.52523,                0.54172,                0.39743,                  1.233,                 1.6344,                 1.6557,             0.00085803,             0.00085803,             0.00085803
                     72,                0.70872,                0.67107,                 1.1152,                0.58148,                0.57058,                0.52348,                0.36287,                 1.3099,                 1.7066,                 1.6982,             0.00085436,             0.00085436,             0.00085436
                     73,                0.68653,                0.66124,                 1.0955,                0.62502,                0.54613,                0.56376,                0.39053,                 1.3548,                 1.7463,                 1.7473,             0.00085069,             0.00085069,             0.00085069
                     74,                0.68446,                0.67807,                  1.101,                 0.5736,                0.55386,                0.56223,                0.40902,                 1.2619,                 1.5782,                 1.6683,             0.00084703,             0.00084703,             0.00084703
                     75,                0.69307,                0.67521,                 1.1044,                0.61253,                 0.4728,                0.50602,                0.35062,                 1.3399,                 1.8765,                 1.7707,             0.00084336,             0.00084336,             0.00084336
                     76,                0.70254,                0.67109,                 1.1126,                0.54932,                 0.4641,                0.49332,                  0.352,                 1.2578,                 1.8273,                 1.6879,             0.00083969,             0.00083969,             0.00083969
                     77,                 0.6659,                0.64653,                 1.0948,                0.55646,                0.56132,                0.54898,                0.38677,                 1.2675,                 1.7094,                  1.638,             0.00083603,             0.00083603,             0.00083603
                     78,                0.67208,                0.65175,                 1.0866,                0.56882,                0.55207,                0.54032,                0.38417,                 1.2979,                 1.6512,                 1.6973,             0.00083236,             0.00083236,             0.00083236
                     79,                0.68937,                0.65109,                 1.0978,                0.65912,                0.50806,                0.56061,                0.39387,                 1.2801,                 1.5646,                 1.6866,             0.00082869,             0.00082869,             0.00082869
                     80,                0.66925,                0.62582,                 1.0856,                0.61174,                 0.5045,                0.53779,                0.40159,                 1.2222,                 1.6424,                 1.6171,             0.00082503,             0.00082503,             0.00082503
                     81,                0.67549,                 0.6338,                  1.091,                0.58169,                0.54386,                0.53966,                0.39969,                 1.2222,                 1.6484,                 1.6314,             0.00082136,             0.00082136,             0.00082136
                     82,                0.68146,                0.64634,                 1.0991,                0.62529,                0.50575,                0.54165,                0.39439,                 1.2162,                 1.7048,                 1.5895,              0.0008177,              0.0008177,              0.0008177
                     83,                0.67807,                0.63596,                 1.0812,                0.69571,                0.49306,                0.55989,                0.40121,                  1.232,                 1.6809,                 1.6506,             0.00081403,             0.00081403,             0.00081403
                     84,                0.65816,                0.62444,                 1.0789,                0.63259,                0.48266,                 0.5328,                0.36533,                 1.3065,                 1.7926,                 1.7434,             0.00081036,             0.00081036,             0.00081036
                     85,                0.65642,                0.61096,                 1.0755,                0.66787,                0.45278,                0.54055,                0.38714,                 1.2656,                  1.723,                 1.6728,              0.0008067,              0.0008067,              0.0008067
                     86,                0.64695,                0.60713,                 1.0687,                0.49706,                0.50216,                0.50779,                0.36105,                 1.2527,                 1.7815,                 1.6596,             0.00080303,             0.00080303,             0.00080303
                     87,                0.65195,                0.59628,                 1.0834,                0.66528,                0.47588,                0.54757,                0.38844,                 1.2439,                 1.6382,                 1.6645,             0.00079936,             0.00079936,             0.00079936
                     88,                0.65958,                0.63042,                 1.0705,                0.61364,                0.49022,                0.54271,                0.38123,                 1.3145,                 1.7053,                 1.7208,              0.0007957,              0.0007957,              0.0007957
                     89,                 0.6376,                0.60791,                 1.0675,                0.59572,                0.52757,                0.50788,                0.36702,                 1.2637,                 1.8356,                 1.6831,             0.00079203,             0.00079203,             0.00079203
                     90,                0.62978,                0.59243,                 1.0537,                0.64447,                0.50839,                0.54445,                0.39134,                 1.2572,                 1.7216,                 1.6931,             0.00078837,             0.00078837,             0.00078837
                     91,                0.62213,                0.59632,                 1.0558,                0.62451,                 0.4972,                0.51327,                0.37252,                 1.2304,                  1.805,                 1.6337,              0.0007847,              0.0007847,              0.0007847
                     92,                0.63214,                0.59673,                 1.0601,                0.63425,                0.46084,                0.50979,                0.37348,                  1.322,                 1.8704,                 1.7421,             0.00078103,             0.00078103,             0.00078103
                     93,                0.63603,                0.59528,                 1.0571,                0.55057,                0.44679,                0.48083,                0.34758,                 1.3109,                 1.7795,                 1.7386,             0.00077737,             0.00077737,             0.00077737
                     94,                0.61201,                0.57162,                 1.0531,                0.53578,                0.49122,                0.51156,                0.36608,                 1.2716,                 1.9299,                 1.6325,              0.0007737,              0.0007737,              0.0007737
                     95,                0.61954,                0.57243,                 1.0513,                0.60214,                0.50516,                0.50107,                 0.3604,                 1.2678,                 1.8215,                 1.6658,             0.00077003,             0.00077003,             0.00077003
                     96,                0.62391,                0.57978,                 1.0484,                0.62893,                 0.5439,                0.55483,                0.39816,                 1.2597,                 1.7792,                  1.664,             0.00076637,             0.00076637,             0.00076637
                     97,                0.62677,                0.58385,                 1.0625,                0.64517,                0.47525,                0.50522,                0.33034,                 1.4003,                 1.9735,                 1.8043,              0.0007627,              0.0007627,              0.0007627
                     98,                 0.6258,                0.59134,                 1.0609,                0.61981,                0.42868,                0.49496,                0.34858,                  1.247,                 1.8567,                 1.6742,             0.00075904,             0.00075904,             0.00075904
                     99,                0.62798,                0.56929,                 1.0615,                0.57435,                 0.4877,                0.53831,                0.36985,                 1.3379,                 2.0146,                 1.7903,             0.00075537,             0.00075537,             0.00075537
                    100,                0.61427,                0.56201,                 1.0519,                0.63014,                0.54833,                0.52118,                0.36353,                 1.3532,                 1.7338,                 1.7443,              0.0007517,              0.0007517,              0.0007517
                    101,                0.62168,                0.55975,                 1.0429,                0.61463,                0.53183,                0.53579,                 0.3878,                 1.2509,                 1.8262,                 1.6579,             0.00074804,             0.00074804,             0.00074804
                    102,                0.62485,                0.56498,                 1.0502,                0.64101,                  0.574,                0.59217,                0.42627,                 1.2496,                 1.5769,                 1.6537,             0.00074437,             0.00074437,             0.00074437
                    103,                0.61034,                0.56432,                 1.0545,                0.64183,                0.55043,                0.59288,                0.43912,                 1.2131,                 1.6566,                 1.6514,              0.0007407,              0.0007407,              0.0007407
                    104,                0.60064,                  0.564,                 1.0464,                0.66613,                0.51337,                0.54448,                0.39199,                 1.2625,                 1.7107,                 1.7263,             0.00073704,             0.00073704,             0.00073704
                    105,                0.59808,                0.55043,                 1.0497,                0.66619,                0.49123,                0.56365,                0.39247,                 1.3473,                  1.845,                 1.7859,             0.00073337,             0.00073337,             0.00073337
                    106,                0.59222,                0.53804,                 1.0326,                0.65642,                0.49843,                0.54497,                0.37827,                 1.3109,                  1.837,                 1.7423,              0.0007297,              0.0007297,              0.0007297
                    107,                 0.5928,                0.55167,                 1.0439,                0.62767,                0.49555,                0.48969,                0.35975,                 1.3033,                 1.8509,                 1.7304,             0.00072604,             0.00072604,             0.00072604
                    108,                0.59564,                0.56368,                 1.0406,                0.60321,                0.48665,                 0.5012,                0.35603,                 1.3248,                 1.8882,                  1.799,             0.00072237,             0.00072237,             0.00072237
                    109,                0.60092,                0.54476,                 1.0432,                0.59766,                0.52462,                0.51731,                0.37127,                 1.3147,                 1.6942,                 1.7762,             0.00071871,             0.00071871,             0.00071871
                    110,                0.59373,                0.55517,                 1.0401,                 0.6078,                0.48306,                0.50457,                0.37332,                 1.3071,                 1.8428,                 1.7586,             0.00071504,             0.00071504,             0.00071504
                    111,                0.58575,                0.55406,                 1.0366,                0.57588,                0.48716,                0.50756,                0.36833,                 1.2923,                 1.8678,                 1.7922,             0.00071137,             0.00071137,             0.00071137
                    112,                0.59447,                0.54046,                 1.0357,                0.64512,                0.46699,                0.50904,                0.37341,                 1.2979,                 1.9199,                 1.7439,             0.00070771,             0.00070771,             0.00070771
                    113,                0.58779,                0.52792,                 1.0375,                0.62758,                0.50559,                0.53281,                0.37098,                 1.3177,                 1.8887,                 1.7498,             0.00070404,             0.00070404,             0.00070404
                    114,                 0.5717,                0.52817,                 1.0208,                0.61489,                0.51873,                 0.5437,                0.38209,                 1.3099,                 1.8564,                 1.7019,             0.00070037,             0.00070037,             0.00070037
                    115,                0.57803,                0.51935,                 1.0264,                0.59184,                0.50862,                0.55033,                 0.3953,                  1.223,                 1.9464,                 1.6422,             0.00069671,             0.00069671,             0.00069671
                    116,                 0.5773,                0.52852,                 1.0257,                0.55205,                0.55024,                0.53717,                0.39888,                 1.2871,                 1.8011,                 1.7519,             0.00069304,             0.00069304,             0.00069304
                    117,                0.55955,                0.51478,                 1.0252,                0.50672,                0.53345,                0.50804,                0.36481,                 1.2596,                 2.0357,                  1.701,             0.00068938,             0.00068938,             0.00068938
                    118,                0.58539,                0.51475,                 1.0265,                0.65536,                0.43997,                0.49736,                0.36042,                 1.3127,                 1.9552,                 1.7614,             0.00068571,             0.00068571,             0.00068571
                    119,                0.57244,                0.52543,                 1.0264,                0.69167,                0.45238,                0.53474,                0.39175,                 1.2778,                  1.876,                 1.7494,             0.00068204,             0.00068204,             0.00068204
                    120,                0.56592,                0.53253,                 1.0252,                0.62978,                0.55572,                0.55104,                0.39194,                 1.2608,                 1.8362,                 1.6707,             0.00067838,             0.00067838,             0.00067838
                    121,                0.56212,                0.50815,                 1.0179,                0.64618,                0.47105,                0.54273,                0.39244,                 1.2706,                 1.8572,                   1.69,             0.00067471,             0.00067471,             0.00067471
                    122,                0.55938,                0.51186,                 1.0152,                 0.6551,                0.53275,                0.57193,                0.41288,                 1.2654,                 1.8207,                 1.6969,             0.00067104,             0.00067104,             0.00067104
                    123,                0.56378,                0.51261,                 1.0233,                0.63685,                 0.5048,                0.53955,                0.38146,                 1.2037,                  1.817,                 1.6443,             0.00066738,             0.00066738,             0.00066738
                    124,                0.54468,                0.49206,                 1.0197,                0.66185,                0.48916,                0.52224,                0.37141,                 1.2303,                 1.8742,                 1.6508,             0.00066371,             0.00066371,             0.00066371
                    125,                0.56758,                0.51865,                 1.0261,                0.67236,                0.45401,                0.48997,                0.34447,                 1.3265,                 1.9379,                 1.7895,             0.00066005,             0.00066005,             0.00066005
                    126,                0.56166,                0.50013,                 1.0234,                0.60725,                0.52044,                0.54488,                0.38201,                 1.2791,                 1.9281,                 1.7279,             0.00065638,             0.00065638,             0.00065638
                    127,                0.55362,                0.50418,                 1.0223,                0.49019,                0.51368,                0.46733,                0.33169,                 1.2492,                 2.0468,                  1.694,             0.00065271,             0.00065271,             0.00065271
                    128,                0.55949,                0.50515,                 1.0183,                0.69865,                0.50426,                0.52689,                0.37296,                 1.2903,                  2.045,                 1.7015,             0.00064905,             0.00064905,             0.00064905
                    129,                0.53817,                0.49023,                 1.0055,                0.66512,                0.52472,                0.53983,                0.39393,                 1.2908,                 1.8781,                 1.7197,             0.00064538,             0.00064538,             0.00064538
                    130,                0.53551,                0.46782,                 1.0047,                0.63828,                0.55422,                0.56677,                 0.4145,                 1.2746,                 1.7497,                 1.6999,             0.00064171,             0.00064171,             0.00064171
                    131,                0.55243,                0.48807,                 1.0154,                0.52923,                0.59507,                0.54807,                0.39393,                 1.2517,                 1.8053,                  1.691,             0.00063805,             0.00063805,             0.00063805
                    132,                0.54002,                0.47294,                 1.0104,                0.62691,                0.56131,                0.59122,                0.42946,                 1.2216,                 1.7157,                 1.6592,             0.00063438,             0.00063438,             0.00063438
                    133,                 0.5481,                0.48481,                 1.0068,                0.71251,                 0.5524,                0.57466,                0.41952,                 1.2766,                 1.7457,                 1.6832,             0.00063071,             0.00063071,             0.00063071
                    134,                0.55222,                0.49147,                 1.0062,                0.66406,                0.49351,                0.54451,                0.39985,                 1.2821,                 1.8568,                  1.742,             0.00062705,             0.00062705,             0.00062705
                    135,                0.55034,                0.49527,                  1.016,                0.65277,                0.48653,                  0.535,                0.38091,                 1.2732,                 1.9504,                 1.7306,             0.00062338,             0.00062338,             0.00062338
                    136,                0.53977,                0.48047,                 1.0059,                0.63153,                0.47808,                0.52268,                0.37873,                 1.2533,                 1.9857,                 1.7151,             0.00061972,             0.00061972,             0.00061972
                    137,                0.53804,                0.47127,                0.99927,                0.58707,                 0.5489,                0.55775,                0.39191,                 1.2971,                 1.9137,                  1.755,             0.00061605,             0.00061605,             0.00061605
                    138,                0.53106,                0.47351,                0.99809,                0.61096,                0.56452,                0.58478,                0.41884,                 1.2789,                  1.746,                 1.7276,             0.00061238,             0.00061238,             0.00061238
                    139,                0.52286,                0.47354,                0.99795,                0.65276,                  0.544,                0.55726,                0.40158,                 1.2609,                 1.8062,                 1.7297,             0.00060872,             0.00060872,             0.00060872
                    140,                0.52727,                0.48243,                 1.0086,                0.55032,                0.58168,                0.56274,                0.38861,                 1.3011,                 1.8063,                 1.7691,             0.00060505,             0.00060505,             0.00060505
                    141,                0.52731,                 0.4712,                 1.0064,                0.56992,                0.53884,                0.55966,                0.39606,                  1.302,                 1.9744,                 1.7688,             0.00060138,             0.00060138,             0.00060138
                    142,                0.52026,                0.46118,                0.99532,                0.78023,                0.47491,                 0.5499,                0.40909,                 1.2979,                 1.9722,                 1.7406,             0.00059772,             0.00059772,             0.00059772
                    143,                0.52658,                0.45868,                  1.001,                0.72464,                0.52248,                0.59121,                0.43841,                 1.2548,                 1.7413,                 1.7064,             0.00059405,             0.00059405,             0.00059405
                    144,                0.52373,                0.45787,                 1.0073,                0.65959,                0.55362,                0.58862,                0.43359,                 1.2298,                 1.8047,                 1.6745,             0.00059039,             0.00059039,             0.00059039
                    145,                0.51143,                0.45382,                0.99335,                0.66445,                0.54075,                0.57587,                0.40984,                  1.262,                   1.85,                 1.7317,             0.00058672,             0.00058672,             0.00058672
                    146,                0.51909,                0.46174,                0.99522,                0.64919,                0.53917,                0.54422,                0.39066,                 1.2967,                 1.8288,                 1.7843,             0.00058305,             0.00058305,             0.00058305
                    147,                0.53219,                0.45677,                 0.9953,                0.72017,                 0.4789,                0.54746,                0.39969,                 1.2713,                  1.865,                 1.7499,             0.00057939,             0.00057939,             0.00057939
                    148,                0.50389,                0.44174,                0.98922,                0.68534,                 0.4754,                 0.5408,                0.38844,                 1.2837,                 1.9145,                   1.74,             0.00057572,             0.00057572,             0.00057572
                    149,                0.51001,                 0.4453,                0.99859,                0.67923,                0.49908,                0.56434,                0.40167,                 1.2511,                 1.6984,                 1.7243,             0.00057205,             0.00057205,             0.00057205
                    150,                 0.5105,                0.45166,                0.99265,                0.60713,                0.52979,                0.55092,                0.41076,                  1.222,                 1.8936,                 1.6726,             0.00056839,             0.00056839,             0.00056839
                    151,                0.50494,                0.45237,                0.98733,                 0.6135,                0.54706,                0.57486,                0.41078,                 1.2738,                 1.6929,                 1.7454,             0.00056472,             0.00056472,             0.00056472
                    152,                0.50317,                0.45448,                0.99336,                0.57718,                0.52183,                0.53906,                0.39234,                 1.2714,                 1.8506,                 1.7537,             0.00056105,             0.00056105,             0.00056105
                    153,                  0.486,                0.44157,                0.98288,                0.69832,                0.48226,                0.55696,                0.40048,                 1.2299,                 1.7642,                 1.7039,             0.00055739,             0.00055739,             0.00055739
                    154,                0.49942,                0.44518,                0.98976,                0.62459,                0.54348,                0.56447,                0.41026,                 1.2597,                   1.67,                 1.7368,             0.00055372,             0.00055372,             0.00055372
                    155,                0.51404,                0.45634,                0.99483,                0.68749,                 0.4766,                0.56291,                0.40884,                 1.2908,                 1.8013,                 1.7993,             0.00055006,             0.00055006,             0.00055006
                    156,                0.51224,                0.43809,                 1.0051,                0.63031,                0.54353,                0.56166,                 0.4018,                 1.3069,                 1.8951,                 1.7607,             0.00054639,             0.00054639,             0.00054639
                    157,                 0.5004,                0.43609,                0.98501,                0.61284,                0.48615,                0.55244,                0.41327,                 1.2235,                 1.7561,                 1.7151,             0.00054272,             0.00054272,             0.00054272
                    158,                 0.4985,                0.43889,                0.98878,                0.56219,                0.52559,                0.51464,                0.38963,                 1.2446,                 1.8179,                 1.6727,             0.00053906,             0.00053906,             0.00053906
                    159,                0.49056,                0.44324,                  0.983,                0.66039,                0.51344,                 0.5449,                0.40601,                 1.2595,                  1.827,                 1.7081,             0.00053539,             0.00053539,             0.00053539
                    160,                0.48893,                0.43357,                0.97983,                0.64963,                0.52805,                0.54592,                0.39194,                 1.2547,                 1.8596,                 1.7559,             0.00053172,             0.00053172,             0.00053172
                    161,                0.49399,                0.42528,                 0.9776,                0.67122,                0.50175,                0.54304,                0.39882,                 1.2455,                 1.8707,                 1.7554,             0.00052806,             0.00052806,             0.00052806
                    162,                0.49293,                0.42842,                0.98373,                 0.6439,                0.51335,                0.55838,                0.41639,                 1.2196,                 1.7791,                 1.6893,             0.00052439,             0.00052439,             0.00052439
                    163,                0.48748,                0.42356,                0.98984,                0.58333,                0.52208,                0.55999,                0.42352,                  1.217,                  1.808,                 1.7095,             0.00052073,             0.00052073,             0.00052073
                    164,                0.48235,                0.41874,                 0.9745,                0.62761,                0.48498,                0.54786,                 0.4185,                 1.2039,                 1.8463,                 1.6848,             0.00051706,             0.00051706,             0.00051706
                    165,                0.47846,                0.42277,                0.98056,                 0.5413,                0.55959,                0.54785,                0.40935,                 1.2506,                 1.9042,                  1.744,             0.00051339,             0.00051339,             0.00051339
                    166,                0.49009,                0.42314,                0.98104,                0.63064,                0.49969,                 0.5488,                 0.4027,                  1.231,                 1.9551,                 1.6998,             0.00050973,             0.00050973,             0.00050973
                    167,                0.48131,                0.42258,                0.98424,                0.61899,                0.57585,                0.57103,                0.42195,                 1.2755,                 1.7642,                 1.7759,             0.00050606,             0.00050606,             0.00050606
                    168,                0.48206,                0.42879,                0.96809,                0.64123,                0.52376,                0.55656,                0.40751,                 1.2715,                 1.8656,                 1.7313,             0.00050239,             0.00050239,             0.00050239
                    169,                0.48054,                0.41846,                0.97163,                0.66328,                0.51524,                0.57913,                 0.4164,                 1.2574,                 1.8572,                  1.712,             0.00049873,             0.00049873,             0.00049873
                    170,                0.48868,                0.42139,                 0.9806,                0.62577,                0.57617,                0.58523,                0.43114,                 1.2329,                 1.7837,                 1.7028,             0.00049506,             0.00049506,             0.00049506
                    171,                0.47756,                0.41907,                0.98559,                0.59286,                0.54526,                0.56192,                0.42054,                 1.2642,                 1.8847,                  1.762,              0.0004914,              0.0004914,              0.0004914
                    172,                0.47205,                0.41094,                0.96974,                0.69638,                0.43632,                0.53451,                0.38944,                 1.2717,                 1.9544,                 1.7087,             0.00048773,             0.00048773,             0.00048773
                    173,                0.47929,                0.42714,                0.98798,                0.58288,                0.57405,                0.56333,                 0.4042,                 1.2841,                 1.8685,                 1.7353,             0.00048406,             0.00048406,             0.00048406
                    174,                0.46438,                0.41542,                0.97591,                0.66497,                0.50912,                0.56585,                0.40817,                 1.2505,                 1.9583,                 1.6968,              0.0004804,              0.0004804,              0.0004804
                    175,                0.46038,                0.40757,                 0.9615,                0.69812,                0.47087,                  0.553,                0.41215,                 1.2676,                 2.0008,                 1.6963,             0.00047673,             0.00047673,             0.00047673
                    176,                0.45449,                0.39978,                0.96958,                0.62445,                0.56092,                0.56741,                0.43779,                 1.1874,                 1.7762,                 1.6304,             0.00047306,             0.00047306,             0.00047306
                    177,                0.47236,                0.41146,                0.97659,                0.67908,                0.55247,                0.57852,                0.43031,                 1.1808,                  1.697,                 1.6521,              0.0004694,              0.0004694,              0.0004694
                    178,                0.47813,                0.42801,                0.97593,                0.69256,                0.52932,                0.55442,                0.40517,                 1.2393,                 1.8049,                  1.691,             0.00046573,             0.00046573,             0.00046573
                    179,                0.46288,                0.40376,                0.96935,                0.59643,                0.55346,                0.54616,                0.40987,                 1.2273,                 1.7635,                 1.7053,             0.00046206,             0.00046206,             0.00046206
                    180,                0.47022,                0.40373,                0.97653,                0.60066,                0.56668,                0.55591,                0.41603,                 1.2507,                 1.8176,                 1.7346,              0.0004584,              0.0004584,              0.0004584
                    181,                0.47895,                0.42641,                 0.9831,                0.73526,                0.51095,                0.56466,                0.41985,                 1.2515,                 1.7593,                  1.771,             0.00045473,             0.00045473,             0.00045473
                    182,                0.46548,                0.40434,                0.97081,                0.68853,                0.53452,                0.56462,                0.42486,                 1.2043,                  1.827,                 1.6839,             0.00045107,             0.00045107,             0.00045107
                    183,                0.45753,                0.40088,                0.96946,                0.61331,                0.55334,                0.57944,                0.41063,                 1.2416,                 1.7705,                 1.7048,              0.0004474,              0.0004474,              0.0004474
                    184,                0.45458,                 0.3925,                0.96251,                0.72541,                0.50672,                0.56078,                0.40204,                 1.2502,                 1.7834,                 1.7082,             0.00044373,             0.00044373,             0.00044373
                    185,                0.45867,                0.39509,                0.96607,                0.71207,                0.49239,                0.58046,                0.42229,                 1.2539,                 1.8035,                 1.7651,             0.00044007,             0.00044007,             0.00044007
                    186,                0.46061,                0.40404,                0.97249,                0.67165,                0.54647,                0.57948,                0.43565,                 1.2253,                 1.8086,                 1.7356,              0.0004364,              0.0004364,              0.0004364
                    187,                0.45748,                0.40464,                0.96351,                0.57541,                0.61403,                0.56915,                 0.4145,                 1.2177,                 1.8561,                 1.7213,             0.00043273,             0.00043273,             0.00043273
                    188,                0.47115,                0.40491,                0.96691,                0.65545,                0.49176,                0.53333,                0.40252,                 1.2472,                 2.0681,                 1.6968,             0.00042907,             0.00042907,             0.00042907
                    189,                0.45213,                0.38625,                0.96736,                0.67353,                0.50197,                0.53867,                0.40719,                 1.2476,                 1.9585,                  1.723,              0.0004254,              0.0004254,              0.0004254
                    190,                0.46177,                0.40744,                0.97309,                0.68517,                  0.522,                0.56317,                 0.4094,                 1.1935,                 1.8606,                 1.6707,             0.00042174,             0.00042174,             0.00042174
                    191,                0.45273,                0.38563,                0.96774,                0.70097,                0.52091,                0.56299,                0.42276,                 1.1891,                 1.8194,                 1.6786,             0.00041807,             0.00041807,             0.00041807
                    192,                0.43235,                0.37066,                0.95216,                0.70945,                 0.4958,                0.57176,                 0.4219,                 1.2272,                 1.8045,                 1.7133,              0.0004144,              0.0004144,              0.0004144
                    193,                0.44269,                0.39175,                0.96418,                 0.7163,                0.48777,                0.55396,                0.41974,                 1.2066,                 1.8278,                  1.706,             0.00041074,             0.00041074,             0.00041074
                    194,                0.44814,                0.39147,                0.96906,                  0.701,                0.51698,                0.54912,                 0.4147,                 1.2311,                 1.8052,                 1.7529,             0.00040707,             0.00040707,             0.00040707
                    195,                0.44839,                0.38458,                 0.9594,                0.66924,                0.51737,                  0.564,                0.43056,                  1.178,                 1.8129,                 1.6584,              0.0004034,              0.0004034,              0.0004034
                    196,                0.44309,                0.38866,                  0.964,                0.68798,                0.52841,                0.57691,                0.42911,                 1.2061,                 1.8749,                 1.6635,             0.00039974,             0.00039974,             0.00039974
                    197,                0.43346,                0.36564,                0.95284,                0.70037,                0.50836,                0.56423,                0.41484,                 1.2813,                 1.9563,                 1.7454,             0.00039607,             0.00039607,             0.00039607
                    198,                0.46014,                0.39995,                0.96646,                0.67533,                0.52189,                0.55943,                0.40924,                 1.3006,                 1.9227,                 1.7718,             0.00039241,             0.00039241,             0.00039241
                    199,                0.43732,                0.36897,                0.96172,                0.71695,                0.50915,                0.56502,                0.42479,                 1.2235,                 1.9282,                 1.6855,             0.00038874,             0.00038874,             0.00038874
                    200,                0.45373,                0.39054,                0.96067,                0.65978,                0.47844,                0.54264,                0.41402,                 1.1847,                  1.887,                 1.6483,             0.00038507,             0.00038507,             0.00038507
                    201,                 0.4313,                0.37814,                0.95753,                0.69491,                0.53215,                0.56799,                0.42937,                 1.2116,                 1.9592,                 1.7034,             0.00038141,             0.00038141,             0.00038141
                    202,                 0.4357,                0.37513,                0.95727,                0.67779,                0.52478,                0.56927,                0.43389,                 1.2098,                 1.7304,                 1.7142,             0.00037774,             0.00037774,             0.00037774
                    203,                 0.4214,                0.37276,                0.94346,                0.64473,                0.53836,                0.55036,                0.42387,                 1.2133,                 1.7397,                 1.6974,             0.00037407,             0.00037407,             0.00037407
